Timestamp, Engine Load (%), RPM, Coolant Temp, Intake Temp, Throttle POS, Intake Press., Speed, Ambiant Temp, Barometric Press., Fuel Level, Evap Vapor Press., Accel. X, Accel. Y, Accel. Z, Gyro. X, Gyro. Y, Gyro. Z
2023-03-20 16:52:13, 33.73 percent, 825.0 revolutions_per_minute, 65 degC, 17 degC, 13.72549019607843 percent, 32 kilopascal, 0.0 kph, 12 degC, 99 kilopascal, 45.490196078431374 percent, 73.0 pascal, 0.68, -0.63, 8.71, -0.00, -0.02, -0.01
2023-03-20 16:52:15, 33.33 percent, 823.0 revolutions_per_minute, 65 degC, 17 degC, 13.72549019607843 percent, 32 kilopascal, 0.0 kph, 12 degC, 99 kilopascal, 45.490196078431374 percent, -7.25 pascal, 0.68, -0.54, 8.59, -0.01, -0.02, -0.01
2023-03-20 16:52:16, 33.73 percent, 820.0 revolutions_per_minute, 65 degC, 17 degC, 13.72549019607843 percent, 33 kilopascal, 0.0 kph, 12 degC, 99 kilopascal, 46.27450980392157 percent, 73.0 pascal, 0.59, -0.55, 8.77, -0.00, -0.02, -0.01
2023-03-20 16:52:18, 33.73 percent, 810.0 revolutions_per_minute, 65 degC, 17 degC, 13.72549019607843 percent, 33 kilopascal, 0.0 kph, 12 degC, 99 kilopascal, 45.09803921568628 percent, 73.0 pascal, 0.69, -0.57, 8.70, 0.00, -0.02, -0.01
2023-03-20 16:52:19, 33.73 percent, 817.0 revolutions_per_minute, 65 degC, 17 degC, 13.72549019607843 percent, 33 kilopascal, 0.0 kph, 12 degC, 99 kilopascal, 45.490196078431374 percent, 73.0 pascal, 0.74, -0.60, 8.64, -0.00, -0.02, -0.01
2023-03-20 16:52:20, 33.73 percent, 804.0 revolutions_per_minute, 65 degC, 17 degC, 13.72549019607843 percent, 33 kilopascal, 0.0 kph, 12 degC, 99 kilopascal, 46.27450980392157 percent, 73.0 pascal, 0.62, -0.60, 8.63, -0.00, -0.02, -0.01
2023-03-20 16:52:22, 33.73 percent, 822.0 revolutions_per_minute, 65 degC, 17 degC, 13.72549019607843 percent, 33 kilopascal, 0.0 kph, 12 degC, 99 kilopascal, 45.490196078431374 percent, 73.0 pascal, 0.62, -0.58, 8.81, -0.01, -0.02, -0.01
2023-03-20 16:52:23, 33.33 percent, 816.0 revolutions_per_minute, 65 degC, 17 degC, 13.72549019607843 percent, 32 kilopascal, 0.0 kph, 12 degC, 99 kilopascal, 45.09803921568628 percent, -7.25 pascal, 0.71, -0.60, 8.54, -0.01, -0.02, -0.01
2023-03-20 16:52:24, 33.33 percent, 819.0 revolutions_per_minute, 65 degC, 17 degC, 13.72549019607843 percent, 32 kilopascal, 0.0 kph, 12 degC, 99 kilopascal, 45.09803921568628 percent, -7.25 pascal, 0.65, -0.57, 8.54, -0.00, -0.02, -0.01
2023-03-20 16:52:26, 33.73 percent, 805.0 revolutions_per_minute, 66 degC, 17 degC, 13.72549019607843 percent, 33 kilopascal, 0.0 kph, 12 degC, 99 kilopascal, 45.09803921568628 percent, -7.25 pascal, 0.63, -0.57, 8.78, -0.01, -0.02, -0.01
2023-03-20 16:52:27, 33.33 percent, 802.0 revolutions_per_minute, 66 degC, 17 degC, 13.72549019607843 percent, 32 kilopascal, 0.0 kph, 12 degC, 99 kilopascal, 46.27450980392157 percent, -7.25 pascal, 0.69, -0.55, 8.56, -0.00, -0.02, -0.01
2023-03-20 16:52:28, 33.73 percent, 805.0 revolutions_per_minute, 66 degC, 17 degC, 13.72549019607843 percent, 33 kilopascal, 0.0 kph, 12 degC, 99 kilopascal, 46.27450980392157 percent, -7.25 pascal, 0.70, -0.53, 8.70, -0.01, -0.02, -0.01
2023-03-20 16:52:30, 45.1 percent, 747.0 revolutions_per_minute, 66 degC, 17 degC, 14.509803921568627 percent, 45 kilopascal, 0.0 kph, 12 degC, 99 kilopascal, 45.490196078431374 percent, 73.0 pascal, 0.66, -0.60, 8.51, -0.00, -0.02, -0.01
2023-03-20 16:52:31, 43.53 percent, 848.0 revolutions_per_minute, 66 degC, 17 degC, 14.509803921568627 percent, 43 kilopascal, 0.0 kph, 12 degC, 99 kilopascal, 46.27450980392157 percent, 73.0 pascal, 0.70, -0.50, 8.66, -0.01, -0.02, -0.01
2023-03-20 16:52:32, 42.35 percent, 769.0 revolutions_per_minute, 66 degC, 17 degC, 14.117647058823529 percent, 41 kilopascal, 2.0 kph, 12 degC, 99 kilopascal, 49.80392156862745 percent, -7.25 pascal, 0.62, -0.54, 8.71, -0.01, -0.02, -0.02
2023-03-20 16:52:34, 43.53 percent, 792.0 revolutions_per_minute, 66 degC, 17 degC, 14.117647058823529 percent, 43 kilopascal, 3.0 kph, 12 degC, 99 kilopascal, 42.745098039215684 percent, 73.0 pascal, 0.77, -0.53, 8.55, -0.00, -0.02, -0.01
2023-03-20 16:52:35, 43.14 percent, 810.0 revolutions_per_minute, 66 degC, 17 degC, 14.509803921568627 percent, 42 kilopascal, 3.0 kph, 12 degC, 99 kilopascal, 54.11764705882353 percent, 73.0 pascal, 0.61, -0.53, 8.78, -0.00, -0.02, -0.01
2023-03-20 16:52:36, 43.53 percent, 830.0 revolutions_per_minute, 66 degC, 17 degC, 14.509803921568627 percent, 42 kilopascal, 3.0 kph, 12 degC, 99 kilopascal, 45.09803921568628 percent, 73.0 pascal, 0.64, -0.52, 8.67, -0.00, -0.02, -0.01
2023-03-20 16:52:38, 43.53 percent, 838.0 revolutions_per_minute, 66 degC, 17 degC, 14.509803921568627 percent, 42 kilopascal, 3.0 kph, 12 degC, 99 kilopascal, 49.01960784313726 percent, 73.0 pascal, 0.67, -0.61, 8.56, -0.00, -0.02, -0.01
2023-03-20 16:52:39, 43.53 percent, 856.0 revolutions_per_minute, 66 degC, 17 degC, 14.509803921568627 percent, 42 kilopascal, 3.0 kph, 12 degC, 99 kilopascal, 51.372549019607845 percent, -7.25 pascal, 0.60, -0.55, 8.62, -0.01, -0.01, -0.02
2023-03-20 16:52:40, 43.92 percent, 864.0 revolutions_per_minute, 66 degC, 17 degC, 14.509803921568627 percent, 43 kilopascal, 3.0 kph, 12 degC, 99 kilopascal, 51.76470588235294 percent, 73.0 pascal, 0.77, -0.57, 8.56, -0.00, -0.02, -0.01
2023-03-20 16:52:42, 43.92 percent, 876.0 revolutions_per_minute, 66 degC, 18 degC, 14.509803921568627 percent, 43 kilopascal, 3.0 kph, 12 degC, 99 kilopascal, 51.372549019607845 percent, -7.25 pascal, 0.74, -0.53, 8.47, -0.00, -0.02, -0.01
2023-03-20 16:52:43, 43.92 percent, 870.0 revolutions_per_minute, 66 degC, 18 degC, 14.509803921568627 percent, 43 kilopascal, 4.0 kph, 12 degC, 99 kilopascal, 54.90196078431372 percent, -7.25 pascal, 0.61, -0.48, 8.66, -0.00, -0.02, -0.01
2023-03-20 16:52:44, 43.53 percent, 884.0 revolutions_per_minute, 66 degC, 18 degC, 14.509803921568627 percent, 42 kilopascal, 5.0 kph, 12 degC, 99 kilopascal, 51.372549019607845 percent, -7.25 pascal, 0.61, -0.66, 8.58, -0.00, -0.02, -0.01
2023-03-20 16:52:46, 44.31 percent, 869.0 revolutions_per_minute, 66 degC, 18 degC, 14.901960784313726 percent, 43 kilopascal, 4.0 kph, 12 degC, 99 kilopascal, 41.96078431372549 percent, -7.25 pascal, 0.49, -0.55, 8.46, 0.00, -0.02, -0.01
2023-03-20 16:52:47, 45.1 percent, 878.0 revolutions_per_minute, 66 degC, 18 degC, 14.901960784313726 percent, 44 kilopascal, 3.0 kph, 12 degC, 99 kilopascal, 54.11764705882353 percent, 73.0 pascal, 0.63, -0.65, 8.88, -0.00, -0.02, -0.01
2023-03-20 16:52:48, 43.53 percent, 881.0 revolutions_per_minute, 67 degC, 18 degC, 14.901960784313726 percent, 42 kilopascal, 7.0 kph, 12 degC, 99 kilopascal, 36.86274509803921 percent, -7.25 pascal, 0.78, -0.98, 8.94, -0.01, -0.02, -0.01
2023-03-20 16:52:50, 43.14 percent, 888.0 revolutions_per_minute, 67 degC, 18 degC, 14.901960784313726 percent, 42 kilopascal, 8.0 kph, 12 degC, 99 kilopascal, 43.92156862745098 percent, -7.25 pascal, 0.65, -0.83, 8.78, 0.00, -0.01, -0.01
2023-03-20 16:52:51, 41.96 percent, 889.0 revolutions_per_minute, 67 degC, 18 degC, 14.509803921568627 percent, 41 kilopascal, 8.0 kph, 12 degC, 99 kilopascal, 50.588235294117645 percent, 73.0 pascal, 0.64, -0.79, 8.89, -0.01, -0.00, -0.01
2023-03-20 16:52:52, 43.53 percent, 888.0 revolutions_per_minute, 67 degC, 18 degC, 14.901960784313726 percent, 43 kilopascal, 3.0 kph, 12 degC, 99 kilopascal, 50.98039215686274 percent, -7.25 pascal, 0.38, -0.58, 8.34, -0.02, -0.07, -0.02
2023-03-20 16:52:54, 44.31 percent, 870.0 revolutions_per_minute, 67 degC, 18 degC, 14.901960784313726 percent, 44 kilopascal, 0.0 kph, 12 degC, 99 kilopascal, 40.3921568627451 percent, 73.0 pascal, 0.58, -0.11, 8.84, 0.01, -0.01, -0.01
2023-03-20 16:52:55, 49.41 percent, 1104.0 revolutions_per_minute, 67 degC, 18 degC, 16.470588235294116 percent, 49 kilopascal, 2.0 kph, 12 degC, 99 kilopascal, 50.98039215686274 percent, 73.0 pascal, 0.51, -0.17, 8.73, 0.01, -0.00, -0.01
2023-03-20 16:52:56, 66.67 percent, 1412.0 revolutions_per_minute, 68 degC, 18 degC, 18.431372549019606 percent, 66 kilopascal, 7.0 kph, 12 degC, 99 kilopascal, 52.94117647058823 percent, 73.0 pascal, 1.21, -0.02, 8.47, -0.01, -0.03, 0.00
2023-03-20 16:52:58, 63.92 percent, 1592.0 revolutions_per_minute, 68 degC, 18 degC, 18.431372549019606 percent, 62 kilopascal, 13.0 kph, 12 degC, 99 kilopascal, 52.94117647058823 percent, -7.25 pascal, 0.77, 0.00, 8.81, 0.00, -0.02, -0.02
2023-03-20 16:52:59, 48.63 percent, 1825.0 revolutions_per_minute, 68 degC, 18 degC, 17.254901960784313 percent, 47 kilopascal, 17.0 kph, 12 degC, 99 kilopascal, 53.333333333333336 percent, -7.25 pascal, 0.49, 0.11, 8.50, 0.02, -0.02, -0.05
2023-03-20 16:53:00, 37.25 percent, 1201.0 revolutions_per_minute, 68 degC, 18 degC, 14.509803921568627 percent, 35 kilopascal, 18.0 kph, 12 degC, 99 kilopascal, 53.333333333333336 percent, 73.0 pascal, 0.79, -0.01, 8.68, 0.02, -0.01, -0.05
2023-03-20 16:53:02, 29.8 percent, 1115.0 revolutions_per_minute, 68 degC, 18 degC, 14.117647058823529 percent, 29 kilopascal, 16.0 kph, 12 degC, 99 kilopascal, 53.333333333333336 percent, -7.25 pascal, 0.75, 0.83, 8.72, 0.02, -0.01, -0.05
2023-03-20 16:53:03, 32.55 percent, 916.0 revolutions_per_minute, 69 degC, 18 degC, 14.509803921568627 percent, 33 kilopascal, 11.0 kph, 12 degC, 99 kilopascal, 40.3921568627451 percent, -7.25 pascal, 0.55, 0.85, 8.69, 0.03, -0.01, -0.02
2023-03-20 16:53:04, 41.18 percent, 928.0 revolutions_per_minute, 69 degC, 18 degC, 14.901960784313726 percent, 41 kilopascal, 5.0 kph, 12 degC, 99 kilopascal, 30.980392156862745 percent, 73.0 pascal, 0.57, 1.05, 8.42, 0.01, -0.02, -0.02
2023-03-20 16:53:05, 41.96 percent, 939.0 revolutions_per_minute, 69 degC, 18 degC, 14.901960784313726 percent, 41 kilopascal, 4.0 kph, 12 degC, 99 kilopascal, 40.3921568627451 percent, 73.0 pascal, 0.91, 0.63, 8.51, -0.02, -0.04, -0.04
2023-03-20 16:53:07, 41.18 percent, 869.0 revolutions_per_minute, 69 degC, 18 degC, 14.509803921568627 percent, 40 kilopascal, 1.0 kph, 12 degC, 99 kilopascal, 44.31372549019608 percent, 73.0 pascal, 0.50, 0.73, 8.73, -0.10, -0.03, -0.06
2023-03-20 16:53:08, 41.18 percent, 858.0 revolutions_per_minute, 69 degC, 18 degC, 14.509803921568627 percent, 41 kilopascal, 1.0 kph, 12 degC, 99 kilopascal, 53.333333333333336 percent, 73.0 pascal, 0.82, 0.58, 8.85, -0.02, -0.01, -0.06
2023-03-20 16:53:09, 52.16 percent, 1162.0 revolutions_per_minute, 69 degC, 18 degC, 16.470588235294116 percent, 52 kilopascal, 6.0 kph, 12 degC, 99 kilopascal, 56.470588235294116 percent, -7.25 pascal, -0.33, 0.54, 8.97, 0.00, -0.04, -0.08
2023-03-20 16:53:11, 55.29 percent, 1282.0 revolutions_per_minute, 69 degC, 18 degC, 16.862745098039216 percent, 54 kilopascal, 9.0 kph, 12 degC, 99 kilopascal, 56.470588235294116 percent, 73.0 pascal, 0.95, -0.37, 8.37, -0.03, -0.03, -0.18
2023-03-20 16:53:12, 70.59 percent, 1662.0 revolutions_per_minute, 69 degC, 18 degC, 20.0 percent, 69 kilopascal, 13.0 kph, 12 degC, 99 kilopascal, 60.78431372549019 percent, 73.0 pascal, -0.10, -1.12, 8.78, -0.06, 0.03, -0.41
2023-03-20 16:53:13, 69.41 percent, 1898.0 revolutions_per_minute, 69 degC, 18 degC, 20.392156862745097 percent, 68 kilopascal, 17.0 kph, 12 degC, 99 kilopascal, 60.3921568627451 percent, 73.0 pascal, -0.66, -1.06, 8.57, 0.02, 0.01, -0.43
2023-03-20 16:53:15, 65.88 percent, 1553.0 revolutions_per_minute, 69 degC, 18 degC, 18.431372549019606 percent, 64 kilopascal, 18.0 kph, 12 degC, 99 kilopascal, 50.98039215686274 percent, -7.25 pascal, 0.12, -0.68, 8.31, 0.01, 0.02, -0.43
2023-03-20 16:53:16, 67.45 percent, 1346.0 revolutions_per_minute, 69 degC, 18 degC, 16.862745098039216 percent, 63 kilopascal, 20.0 kph, 12 degC, 99 kilopascal, 47.84313725490196 percent, 73.0 pascal, -0.02, 0.31, 7.79, 0.02, 0.01, -0.34
2023-03-20 16:53:17, 67.06 percent, 1402.0 revolutions_per_minute, 70 degC, 18 degC, 19.607843137254903 percent, 69 kilopascal, 21.0 kph, 12 degC, 99 kilopascal, 47.84313725490196 percent, 73.0 pascal, -0.26, 0.63, 8.75, -0.00, -0.01, -0.09
2023-03-20 16:53:19, 72.94 percent, 1521.0 revolutions_per_minute, 70 degC, 18 degC, 19.215686274509803 percent, 71 kilopascal, 24.0 kph, 12 degC, 99 kilopascal, 53.333333333333336 percent, -7.25 pascal, 0.28, -0.68, 8.57, -0.01, -0.02, -0.03
2023-03-20 16:53:20, 51.76 percent, 1590.0 revolutions_per_minute, 71 degC, 18 degC, 16.862745098039216 percent, 50 kilopascal, 25.0 kph, 12 degC, 99 kilopascal, 50.98039215686274 percent, -7.25 pascal, 0.05, 0.34, 8.81, 0.00, -0.02, 0.00
2023-03-20 16:53:21, 54.51 percent, 1174.0 revolutions_per_minute, 71 degC, 18 degC, 17.254901960784313 percent, 55 kilopascal, 24.0 kph, 12 degC, 99 kilopascal, 50.588235294117645 percent, -7.25 pascal, 0.63, 0.77, 8.77, -0.02, -0.01, -0.04
2023-03-20 16:53:23, 72.55 percent, 1126.0 revolutions_per_minute, 71 degC, 18 degC, 18.03921568627451 percent, 71 kilopascal, 25.0 kph, 12 degC, 99 kilopascal, 50.98039215686274 percent, 73.0 pascal, 0.69, 1.16, 8.33, -0.02, -0.00, -0.13
2023-03-20 16:53:24, 72.55 percent, 1228.0 revolutions_per_minute, 71 degC, 18 degC, 18.431372549019606 percent, 71 kilopascal, 27.0 kph, 12 degC, 99 kilopascal, 47.84313725490196 percent, -7.25 pascal, -0.22, 0.22, 8.85, -0.01, -0.02, -0.00
2023-03-20 16:53:25, 71.76 percent, 1302.0 revolutions_per_minute, 72 degC, 18 degC, 18.03921568627451 percent, 69 kilopascal, 29.0 kph, 12 degC, 99 kilopascal, 50.98039215686274 percent, -7.25 pascal, -0.69, -0.70, 8.38, -0.01, -0.04, 0.09
2023-03-20 16:53:27, 67.06 percent, 1350.0 revolutions_per_minute, 72 degC, 18 degC, 17.647058823529413 percent, 65 kilopascal, 30.0 kph, 12 degC, 99 kilopascal, 47.84313725490196 percent, -7.25 pascal, 0.23, -0.19, 8.22, -0.03, -0.04, 0.13
2023-03-20 16:53:28, 57.25 percent, 1366.0 revolutions_per_minute, 72 degC, 18 degC, 16.470588235294116 percent, 55 kilopascal, 31.0 kph, 12 degC, 99 kilopascal, 44.31372549019608 percent, 73.0 pascal, -1.08, -1.07, 8.67, -0.01, 0.01, 0.13
2023-03-20 16:53:29, 29.41 percent, 1424.0 revolutions_per_minute, 72 degC, 18 degC, 14.117647058823529 percent, 28 kilopascal, 31.0 kph, 12 degC, 99 kilopascal, 47.84313725490196 percent, 73.0 pascal, -0.25, -1.58, 8.30, -0.00, -0.04, 0.11
2023-03-20 16:53:31, 29.41 percent, 1310.0 revolutions_per_minute, 72 degC, 18 degC, 14.901960784313726 percent, 31 kilopascal, 29.0 kph, 12 degC, 99 kilopascal, 44.31372549019608 percent, 73.0 pascal, 0.62, -1.96, 8.45, -0.01, -0.01, -0.05
2023-03-20 16:53:32, 32.94 percent, 1219.0 revolutions_per_minute, 73 degC, 18 degC, 13.72549019607843 percent, 30 kilopascal, 28.0 kph, 12 degC, 99 kilopascal, 48.627450980392155 percent, -7.25 pascal, 0.08, -2.15, 8.71, -0.00, -0.03, -0.05
2023-03-20 16:53:33, 25.88 percent, 1193.0 revolutions_per_minute, 73 degC, 18 degC, 13.72549019607843 percent, 25 kilopascal, 26.0 kph, 12 degC, 99 kilopascal, 44.31372549019608 percent, -7.25 pascal, -0.01, -0.56, 8.49, 0.00, -0.02, -0.04
2023-03-20 16:53:34, 27.84 percent, 1076.0 revolutions_per_minute, 73 degC, 18 degC, 13.72549019607843 percent, 27 kilopascal, 23.0 kph, 12 degC, 99 kilopascal, 36.07843137254902 percent, 73.0 pascal, 0.24, -1.33, 8.52, 0.00, 0.00, -0.03
2023-03-20 16:53:36, 32.16 percent, 951.0 revolutions_per_minute, 74 degC, 18 degC, 14.117647058823529 percent, 32 kilopascal, 17.0 kph, 12 degC, 99 kilopascal, 36.86274509803921 percent, 73.0 pascal, 0.25, -1.47, 8.55, -0.01, -0.02, -0.02
2023-03-20 16:53:37, 39.61 percent, 930.0 revolutions_per_minute, 74 degC, 18 degC, 14.509803921568627 percent, 39 kilopascal, 15.0 kph, 12 degC, 99 kilopascal, 33.72549019607843 percent, 73.0 pascal, 0.07, -0.18, 8.79, -0.00, -0.02, -0.02
2023-03-20 16:53:38, 38.04 percent, 942.0 revolutions_per_minute, 74 degC, 18 degC, 14.117647058823529 percent, 37 kilopascal, 16.0 kph, 12 degC, 99 kilopascal, 36.86274509803921 percent, -7.25 pascal, -0.46, 0.16, 8.61, -0.00, -0.01, 0.03
2023-03-20 16:53:40, 61.18 percent, 1323.0 revolutions_per_minute, 74 degC, 18 degC, 17.647058823529413 percent, 61 kilopascal, 19.0 kph, 12 degC, 99 kilopascal, 36.07843137254902 percent, 73.0 pascal, -0.46, 0.05, 9.08, -0.00, -0.04, 0.20
2023-03-20 16:53:41, 37.25 percent, 1065.0 revolutions_per_minute, 74 degC, 18 degC, 14.509803921568627 percent, 37 kilopascal, 21.0 kph, 12 degC, 99 kilopascal, 51.372549019607845 percent, 73.0 pascal, -0.65, -0.00, 8.72, -0.02, -0.03, 0.29
2023-03-20 16:53:42, 55.69 percent, 1280.0 revolutions_per_minute, 75 degC, 18 degC, 15.686274509803921 percent, 52 kilopascal, 22.0 kph, 12 degC, 99 kilopascal, 44.31372549019608 percent, 73.0 pascal, -1.63, 0.28, 8.71, -0.02, -0.03, 0.36
2023-03-20 16:53:44, 31.76 percent, 1082.0 revolutions_per_minute, 75 degC, 18 degC, 14.117647058823529 percent, 31 kilopascal, 24.0 kph, 12 degC, 99 kilopascal, 44.31372549019608 percent, -7.25 pascal, -2.24, 0.37, 9.06, -0.01, -0.04, 0.45
2023-03-20 16:53:45, 29.8 percent, 1074.0 revolutions_per_minute, 75 degC, 18 degC, 14.117647058823529 percent, 29 kilopascal, 22.0 kph, 12 degC, 99 kilopascal, 36.86274509803921 percent, 73.0 pascal, -0.10, 0.47, 8.43, 0.01, -0.04, 0.19
2023-03-20 16:53:46, 33.73 percent, 886.0 revolutions_per_minute, 75 degC, 18 degC, 14.509803921568627 percent, 35 kilopascal, 16.0 kph, 12 degC, 99 kilopascal, 33.72549019607843 percent, 73.0 pascal, 0.70, 0.48, 8.83, -0.02, -0.02, -0.01
2023-03-20 16:53:48, 44.71 percent, 926.0 revolutions_per_minute, 75 degC, 18 degC, 14.901960784313726 percent, 44 kilopascal, 9.0 kph, 12 degC, 99 kilopascal, 37.254901960784316 percent, 73.0 pascal, 0.00, 0.16, 8.73, -0.02, -0.01, -0.01
2023-03-20 16:53:49, 41.96 percent, 924.0 revolutions_per_minute, 75 degC, 18 degC, 14.509803921568627 percent, 41 kilopascal, 4.0 kph, 12 degC, 99 kilopascal, 36.07843137254902 percent, 73.0 pascal, 0.23, -0.23, 8.98, 0.00, -0.02, -0.02
2023-03-20 16:53:50, 45.88 percent, 1000.0 revolutions_per_minute, 75 degC, 18 degC, 17.254901960784313 percent, 50 kilopascal, 4.0 kph, 12 degC, 99 kilopascal, 52.94117647058823 percent, 73.0 pascal, 0.77, 0.69, 8.11, 0.00, -0.02, -0.01
2023-03-20 16:53:52, 61.18 percent, 1382.0 revolutions_per_minute, 75 degC, 18 degC, 18.823529411764707 percent, 62 kilopascal, 10.0 kph, 12 degC, 99 kilopascal, 53.333333333333336 percent, -7.25 pascal, 0.44, 0.15, 8.94, 0.02, -0.04, -0.02
2023-03-20 16:53:53, 71.37 percent, 1907.0 revolutions_per_minute, 75 degC, 18 degC, 21.176470588235293 percent, 69 kilopascal, 16.0 kph, 12 degC, 99 kilopascal, 50.98039215686274 percent, 73.0 pascal, 0.71, -0.13, 8.88, -0.01, -0.01, -0.02
2023-03-20 16:53:54, 70.2 percent, 1755.0 revolutions_per_minute, 75 degC, 18 degC, 20.392156862745097 percent, 69 kilopascal, 22.0 kph, 12 degC, 99 kilopascal, 53.333333333333336 percent, 73.0 pascal, -0.34, -0.39, 9.11, -0.00, -0.03, -0.01
2023-03-20 16:53:56, 70.59 percent, 1730.0 revolutions_per_minute, 75 degC, 18 degC, 20.0 percent, 69 kilopascal, 26.0 kph, 12 degC, 99 kilopascal, 53.333333333333336 percent, 73.0 pascal, 0.05, -0.14, 8.72, -0.02, -0.02, 0.01
2023-03-20 16:53:57, 57.65 percent, 1426.0 revolutions_per_minute, 76 degC, 18 degC, 16.862745098039216 percent, 57 kilopascal, 28.0 kph, 12 degC, 99 kilopascal, 53.333333333333336 percent, -7.25 pascal, 1.09, -0.04, 8.64, -0.01, -0.01, -0.02
2023-03-20 16:53:58, 63.53 percent, 1326.0 revolutions_per_minute, 76 degC, 18 degC, 18.823529411764707 percent, 66 kilopascal, 28.0 kph, 12 degC, 99 kilopascal, 53.333333333333336 percent, 73.0 pascal, 0.28, -0.02, 9.19, -0.02, -0.01, -0.02
2023-03-20 16:53:59, 85.49 percent, 1328.0 revolutions_per_minute, 77 degC, 18 degC, 23.92156862745098 percent, 85 kilopascal, 29.0 kph, 12 degC, 99 kilopascal, 53.333333333333336 percent, -7.25 pascal, 0.42, -0.03, 9.18, 0.00, -0.01, -0.01
2023-03-20 16:54:01, 90.59 percent, 1422.0 revolutions_per_minute, 77 degC, 18 degC, 24.705882352941178 percent, 89 kilopascal, 33.0 kph, 12 degC, 99 kilopascal, 47.84313725490196 percent, 73.0 pascal, 0.58, -0.36, 8.71, -0.00, -0.01, -0.01
2023-03-20 16:54:02, 83.14 percent, 1599.0 revolutions_per_minute, 77 degC, 18 degC, 22.745098039215687 percent, 81 kilopascal, 37.0 kph, 12 degC, 99 kilopascal, 47.84313725490196 percent, -7.25 pascal, 0.42, -0.05, 8.03, 0.01, -0.04, -0.01
2023-03-20 16:54:03, 80.78 percent, 1801.0 revolutions_per_minute, 77 degC, 18 degC, 23.137254901960784 percent, 78 kilopascal, 42.0 kph, 12 degC, 99 kilopascal, 47.84313725490196 percent, -7.25 pascal, 0.18, -0.36, 8.78, -0.01, -0.00, -0.02
2023-03-20 16:54:05, 73.73 percent, 1905.0 revolutions_per_minute, 78 degC, 18 degC, 20.392156862745097 percent, 70 kilopascal, 45.0 kph, 12 degC, 99 kilopascal, 43.92156862745098 percent, -23.5 pascal, 0.27, -0.78, 8.84, -0.01, -0.02, -0.01
2023-03-20 16:54:06, 54.51 percent, 1685.0 revolutions_per_minute, 78 degC, 18 degC, 18.823529411764707 percent, 57 kilopascal, 45.0 kph, 12 degC, 99 kilopascal, 40.3921568627451 percent, -7.25 pascal, 0.69, -0.74, 8.81, -0.01, -0.03, -0.01
2023-03-20 16:54:07, 64.31 percent, 1529.0 revolutions_per_minute, 78 degC, 18 degC, 18.03921568627451 percent, 63 kilopascal, 46.0 kph, 12 degC, 99 kilopascal, 47.450980392156865 percent, -7.25 pascal, 0.71, -0.56, 8.42, 0.01, -0.03, -0.01
2023-03-20 16:54:09, 66.27 percent, 1559.0 revolutions_per_minute, 78 degC, 18 degC, 18.431372549019606 percent, 65 kilopascal, 47.0 kph, 12 degC, 99 kilopascal, 47.84313725490196 percent, -7.25 pascal, 0.58, -1.09, 8.72, 0.01, -0.03, -0.01
2023-03-20 16:54:10, 62.75 percent, 1595.0 revolutions_per_minute, 79 degC, 18 degC, 18.03921568627451 percent, 61 kilopascal, 48.0 kph, 12 degC, 99 kilopascal, 53.333333333333336 percent, 73.0 pascal, 1.21, -0.64, 8.08, -0.00, -0.01, -0.02
2023-03-20 16:54:11, 53.33 percent, 1607.0 revolutions_per_minute, 79 degC, 18 degC, 16.470588235294116 percent, 50 kilopascal, 48.0 kph, 12 degC, 99 kilopascal, 47.84313725490196 percent, -7.25 pascal, 0.90, -0.88, 8.89, 0.00, -0.01, -0.03
2023-03-20 16:54:13, 46.27 percent, 1599.0 revolutions_per_minute, 79 degC, 18 degC, 16.470588235294116 percent, 45 kilopascal, 48.0 kph, 12 degC, 99 kilopascal, 42.745098039215684 percent, -7.25 pascal, 0.76, -1.58, 8.65, -0.01, -0.02, -0.08
2023-03-20 16:54:14, 62.35 percent, 1572.0 revolutions_per_minute, 80 degC, 18 degC, 18.431372549019606 percent, 62 kilopascal, 47.0 kph, 12 degC, 99 kilopascal, 50.98039215686274 percent, 73.0 pascal, 2.09, -1.26, 8.58, -0.02, 0.01, -0.24
2023-03-20 16:54:15, 54.51 percent, 1526.0 revolutions_per_minute, 80 degC, 18 degC, 14.901960784313726 percent, 49 kilopascal, 46.0 kph, 12 degC, 99 kilopascal, 47.450980392156865 percent, -7.25 pascal, 2.37, -0.81, 8.11, -0.02, 0.04, -0.43
2023-03-20 16:54:16, 0.0 percent, 1414.0 revolutions_per_minute, 80 degC, 18 degC, 14.509803921568627 percent, 28 kilopascal, 42.0 kph, 12 degC, 99 kilopascal, 43.92156862745098 percent, -7.25 pascal, 3.34, -0.75, 8.42, 0.01, 0.03, -0.47
2023-03-20 16:54:18, 56.47 percent, 1360.0 revolutions_per_minute, 81 degC, 18 degC, 16.862745098039216 percent, 56 kilopascal, 40.0 kph, 12 degC, 99 kilopascal, 47.84313725490196 percent, -7.25 pascal, 1.03, -0.30, 8.68, 0.01, 0.03, -0.38
2023-03-20 16:54:19, 61.96 percent, 1421.0 revolutions_per_minute, 81 degC, 18 degC, 17.254901960784313 percent, 61 kilopascal, 43.0 kph, 12 degC, 99 kilopascal, 48.627450980392155 percent, -7.25 pascal, 0.55, -0.15, 9.03, 0.01, 0.01, -0.08
2023-03-20 16:54:20, 38.04 percent, 1509.0 revolutions_per_minute, 81 degC, 18 degC, 14.117647058823529 percent, 33 kilopascal, 46.0 kph, 12 degC, 99 kilopascal, 47.84313725490196 percent, -7.25 pascal, 0.28, -0.77, 8.42, 0.00, -0.03, 0.01
2023-03-20 16:54:22, 0.0 percent, 1499.0 revolutions_per_minute, 81 degC, 18 degC, 14.901960784313726 percent, 27 kilopascal, 45.0 kph, 12 degC, 99 kilopascal, 44.31372549019608 percent, -7.25 pascal, 0.14, -0.81, 8.59, -0.04, -0.02, 0.01
2023-03-20 16:54:23, 0.0 percent, 1489.0 revolutions_per_minute, 81 degC, 18 degC, 14.117647058823529 percent, 25 kilopascal, 45.0 kph, 12 degC, 99 kilopascal, 40.3921568627451 percent, 73.0 pascal, 0.86, -0.90, 8.71, -0.01, -0.01, -0.02
2023-03-20 16:54:24, 0.0 percent, 1472.0 revolutions_per_minute, 81 degC, 18 degC, 14.117647058823529 percent, 25 kilopascal, 45.0 kph, 12 degC, 99 kilopascal, 40.3921568627451 percent, 73.0 pascal, 0.32, -1.01, 8.65, -0.00, -0.00, -0.04
2023-03-20 16:54:26, 0.0 percent, 1455.0 revolutions_per_minute, 81 degC, 18 degC, 14.117647058823529 percent, 25 kilopascal, 44.0 kph, 12 degC, 99 kilopascal, 43.92156862745098 percent, -7.25 pascal, 0.60, -1.58, 8.81, 0.02, -0.02, -0.01
2023-03-20 16:54:27, 0.0 percent, 1434.0 revolutions_per_minute, 81 degC, 18 degC, 14.117647058823529 percent, 25 kilopascal, 43.0 kph, 12 degC, 99 kilopascal, 43.92156862745098 percent, -23.5 pascal, 0.35, -2.32, 8.54, 0.01, -0.03, -0.01
2023-03-20 16:54:28, 0.0 percent, 1410.0 revolutions_per_minute, 81 degC, 18 degC, 14.117647058823529 percent, 25 kilopascal, 43.0 kph, 12 degC, 99 kilopascal, 43.92156862745098 percent, -7.25 pascal, 0.30, -2.13, 8.79, 0.02, -0.02, -0.01
2023-03-20 16:54:30, 42.35 percent, 1520.0 revolutions_per_minute, 81 degC, 18 degC, 16.07843137254902 percent, 43 kilopascal, 43.0 kph, 12 degC, 99 kilopascal, 47.84313725490196 percent, -7.25 pascal, 0.41, -1.77, 8.35, -0.02, -0.02, -0.01
2023-03-20 16:54:31, 27.06 percent, 1476.0 revolutions_per_minute, 81 degC, 18 degC, 14.117647058823529 percent, 25 kilopascal, 44.0 kph, 12 degC, 99 kilopascal, 47.84313725490196 percent, -7.25 pascal, 0.57, -1.56, 8.42, 0.00, -0.01, -0.01
2023-03-20 16:54:32, 27.84 percent, 1495.0 revolutions_per_minute, 81 degC, 18 degC, 15.686274509803921 percent, 30 kilopascal, 44.0 kph, 12 degC, 99 kilopascal, 40.3921568627451 percent, -7.25 pascal, -0.08, -0.20, 8.88, 0.01, -0.01, -0.02
2023-03-20 16:54:34, 25.49 percent, 1466.0 revolutions_per_minute, 81 degC, 18 degC, 14.117647058823529 percent, 24 kilopascal, 44.0 kph, 12 degC, 99 kilopascal, 47.84313725490196 percent, -7.25 pascal, 0.23, 0.74, 8.85, 0.00, -0.01, -0.01
2023-03-20 16:54:35, 50.59 percent, 1499.0 revolutions_per_minute, 81 degC, 18 degC, 16.862745098039216 percent, 50 kilopascal, 44.0 kph, 12 degC, 99 kilopascal, 50.588235294117645 percent, 73.0 pascal, -0.51, 2.15, 8.27, 0.04, -0.05, 0.06
2023-03-20 16:54:36, 44.31 percent, 1473.0 revolutions_per_minute, 81 degC, 18 degC, 15.294117647058824 percent, 42 kilopascal, 44.0 kph, 12 degC, 99 kilopascal, 43.92156862745098 percent, 73.0 pascal, -0.25, 0.61, 8.50, -0.08, -0.04, 0.04
2023-03-20 16:54:38, 26.27 percent, 1452.0 revolutions_per_minute, 81 degC, 18 degC, 14.901960784313726 percent, 27 kilopascal, 44.0 kph, 12 degC, 99 kilopascal, 43.92156862745098 percent, 73.0 pascal, 0.70, 0.32, 8.02, -0.00, 0.01, -0.01
2023-03-20 16:54:39, 41.96 percent, 1484.0 revolutions_per_minute, 81 degC, 18 degC, 15.294117647058824 percent, 41 kilopascal, 44.0 kph, 12 degC, 99 kilopascal, 47.84313725490196 percent, 73.0 pascal, -0.31, -0.02, 8.62, -0.02, 0.04, 0.01
2023-03-20 16:54:40, 25.49 percent, 1433.0 revolutions_per_minute, 81 degC, 18 degC, 14.117647058823529 percent, 24 kilopascal, 43.0 kph, 12 degC, 99 kilopascal, 47.84313725490196 percent, 73.0 pascal, -0.35, 0.03, 9.27, 0.01, 0.03, 0.04
2023-03-20 16:54:42, 0.0 percent, 1405.0 revolutions_per_minute, 81 degC, 18 degC, 14.117647058823529 percent, 27 kilopascal, 42.0 kph, 12 degC, 99 kilopascal, 44.31372549019608 percent, -7.25 pascal, -1.11, -0.60, 8.57, 0.03, 0.02, 0.03
2023-03-20 16:54:43, 38.04 percent, 1473.0 revolutions_per_minute, 81 degC, 18 degC, 15.294117647058824 percent, 38 kilopascal, 43.0 kph, 12 degC, 99 kilopascal, 47.84313725490196 percent, -7.25 pascal, -0.52, -0.33, 9.15, 0.00, -0.01, -0.04
2023-03-20 16:54:44, 24.71 percent, 1472.0 revolutions_per_minute, 81 degC, 19 degC, 14.117647058823529 percent, 23 kilopascal, 45.0 kph, 12 degC, 99 kilopascal, 47.84313725490196 percent, -7.25 pascal, 0.32, 0.40, 8.24, 0.02, -0.04, -0.16
2023-03-20 16:54:45, 0.0 percent, 1524.0 revolutions_per_minute, 81 degC, 19 degC, 14.509803921568627 percent, 26 kilopascal, 46.0 kph, 12 degC, 99 kilopascal, 47.84313725490196 percent, 73.0 pascal, 0.69, 0.23, 7.98, -0.01, -0.02, -0.18
2023-03-20 16:54:47, 0.0 percent, 1577.0 revolutions_per_minute, 81 degC, 19 degC, 14.509803921568627 percent, 25 kilopascal, 48.0 kph, 12 degC, 99 kilopascal, 40.3921568627451 percent, -7.25 pascal, 0.24, 0.51, 8.35, 0.00, -0.05, -0.16
2023-03-20 16:54:48, 0.0 percent, 1625.0 revolutions_per_minute, 81 degC, 19 degC, 14.509803921568627 percent, 25 kilopascal, 49.0 kph, 12 degC, 99 kilopascal, 43.92156862745098 percent, -7.25 pascal, 0.91, 0.45, 9.26, -0.01, -0.03, -0.14
2023-03-20 16:54:49, 0.0 percent, 1597.0 revolutions_per_minute, 81 degC, 19 degC, 14.509803921568627 percent, 25 kilopascal, 49.0 kph, 12 degC, 99 kilopascal, 36.07843137254902 percent, -7.25 pascal, 1.31, 0.16, 8.65, 0.01, -0.06, -0.08
2023-03-20 16:54:51, 0.0 percent, 1567.0 revolutions_per_minute, 81 degC, 19 degC, 14.509803921568627 percent, 25 kilopascal, 48.0 kph, 12 degC, 99 kilopascal, 44.31372549019608 percent, 73.0 pascal, 1.34, 0.54, 8.50, 0.02, -0.01, -0.07
2023-03-20 16:54:52, 0.0 percent, 1518.0 revolutions_per_minute, 81 degC, 19 degC, 14.509803921568627 percent, 25 kilopascal, 46.0 kph, 12 degC, 99 kilopascal, 36.07843137254902 percent, -7.25 pascal, 0.59, -0.70, 8.48, -0.01, 0.00, -0.04
2023-03-20 16:54:53, 0.0 percent, 1481.0 revolutions_per_minute, 81 degC, 19 degC, 14.509803921568627 percent, 25 kilopascal, 45.0 kph, 12 degC, 99 kilopascal, 40.78431372549019 percent, 73.0 pascal, 1.11, -0.00, 8.46, 0.00, -0.01, -0.03
2023-03-20 16:54:55, 0.0 percent, 1319.0 revolutions_per_minute, 81 degC, 19 degC, 14.117647058823529 percent, 26 kilopascal, 39.0 kph, 12 degC, 99 kilopascal, 36.86274509803921 percent, -7.25 pascal, 0.14, -0.44, 8.66, 0.00, -0.01, -0.03
2023-03-20 16:54:56, 0.0 percent, 1450.0 revolutions_per_minute, 81 degC, 19 degC, 14.117647058823529 percent, 25 kilopascal, 34.0 kph, 12 degC, 99 kilopascal, 33.333333333333336 percent, 73.0 pascal, 0.67, -0.46, 8.62, -0.00, -0.01, -0.02
2023-03-20 16:54:57, 0.0 percent, 1347.0 revolutions_per_minute, 81 degC, 19 degC, 14.117647058823529 percent, 25 kilopascal, 31.0 kph, 12 degC, 99 kilopascal, 43.92156862745098 percent, 89.25 pascal, -0.56, -0.60, 8.94, 0.00, -0.03, -0.01
2023-03-20 16:54:59, 33.73 percent, 1319.0 revolutions_per_minute, 81 degC, 19 degC, 15.294117647058824 percent, 34 kilopascal, 29.0 kph, 12 degC, 99 kilopascal, 47.84313725490196 percent, -7.25 pascal, 0.43, -0.22, 8.53, 0.01, -0.00, -0.00
2023-03-20 16:55:00, 48.24 percent, 1247.0 revolutions_per_minute, 81 degC, 19 degC, 16.470588235294116 percent, 48 kilopascal, 27.0 kph, 12 degC, 99 kilopascal, 48.627450980392155 percent, -7.25 pascal, 1.03, -0.59, 8.38, -0.01, -0.04, -0.04
2023-03-20 16:55:01, 61.96 percent, 1230.0 revolutions_per_minute, 81 degC, 19 degC, 17.254901960784313 percent, 61 kilopascal, 27.0 kph, 12 degC, 99 kilopascal, 47.84313725490196 percent, 73.0 pascal, 1.34, -0.69, 8.99, 0.01, 0.00, -0.04
2023-03-20 16:55:03, 61.57 percent, 1257.0 revolutions_per_minute, 81 degC, 19 degC, 16.07843137254902 percent, 58 kilopascal, 27.0 kph, 12 degC, 99 kilopascal, 43.92156862745098 percent, 73.0 pascal, -0.49, -0.74, 9.03, 0.01, -0.03, -0.01
2023-03-20 16:55:04, 30.59 percent, 1133.0 revolutions_per_minute, 81 degC, 19 degC, 13.72549019607843 percent, 29 kilopascal, 26.0 kph, 12 degC, 99 kilopascal, 36.07843137254902 percent, 73.0 pascal, 0.53, -0.50, 8.93, 0.02, -0.02, -0.01
2023-03-20 16:55:05, 26.27 percent, 1134.0 revolutions_per_minute, 81 degC, 19 degC, 14.509803921568627 percent, 26 kilopascal, 25.0 kph, 12 degC, 99 kilopascal, 40.3921568627451 percent, 73.0 pascal, 0.21, -0.78, 8.78, -0.00, -0.00, -0.00
2023-03-20 16:55:06, 49.8 percent, 1312.0 revolutions_per_minute, 81 degC, 19 degC, 16.07843137254902 percent, 49 kilopascal, 25.0 kph, 12 degC, 99 kilopascal, 47.84313725490196 percent, -23.5 pascal, 0.64, -0.96, 8.49, -0.01, 0.00, -0.01
2023-03-20 16:55:08, 54.12 percent, 1234.0 revolutions_per_minute, 81 degC, 19 degC, 16.07843137254902 percent, 53 kilopascal, 28.0 kph, 12 degC, 99 kilopascal, 47.84313725490196 percent, -72.25 pascal, 0.12, -0.86, 8.08, -0.04, -0.02, 0.00
2023-03-20 16:55:09, 55.29 percent, 1375.0 revolutions_per_minute, 81 degC, 19 degC, 16.470588235294116 percent, 54 kilopascal, 31.0 kph, 12 degC, 99 kilopascal, 53.333333333333336 percent, -137.25 pascal, 0.13, -0.21, 8.34, -0.04, -0.03, -0.01
2023-03-20 16:55:10, 65.1 percent, 1405.0 revolutions_per_minute, 81 degC, 19 degC, 17.647058823529413 percent, 64 kilopascal, 33.0 kph, 12 degC, 99 kilopascal, 56.470588235294116 percent, -218.75 pascal, 0.43, -0.52, 8.45, -0.02, -0.04, -0.01
2023-03-20 16:55:12, 67.06 percent, 1487.0 revolutions_per_minute, 81 degC, 19 degC, 18.03921568627451 percent, 66 kilopascal, 34.0 kph, 12 degC, 99 kilopascal, 56.470588235294116 percent, -301.25 pascal, 0.40, -0.92, 9.18, 0.00, -0.04, -0.00
2023-03-20 16:55:13, 60.0 percent, 1536.0 revolutions_per_minute, 81 degC, 19 degC, 17.254901960784313 percent, 58 kilopascal, 36.0 kph, 12 degC, 99 kilopascal, 50.98039215686274 percent, -480.5 pascal, 0.96, -0.68, 8.77, 0.00, -0.02, -0.00
2023-03-20 16:55:14, 58.43 percent, 1275.0 revolutions_per_minute, 81 degC, 19 degC, 16.470588235294116 percent, 57 kilopascal, 36.0 kph, 12 degC, 99 kilopascal, 43.92156862745098 percent, -479.25 pascal, 0.71, -1.40, 8.94, -0.01, -0.01, -0.01
2023-03-20 16:55:16, 57.65 percent, 1211.0 revolutions_per_minute, 81 degC, 19 degC, 16.470588235294116 percent, 56 kilopascal, 36.0 kph, 12 degC, 99 kilopascal, 44.31372549019608 percent, -414.25 pascal, 0.58, -1.04, 8.66, -0.01, -0.02, -0.01
2023-03-20 16:55:17, 61.96 percent, 1201.0 revolutions_per_minute, 81 degC, 19 degC, 17.254901960784313 percent, 62 kilopascal, 36.0 kph, 12 degC, 99 kilopascal, 40.78431372549019 percent, -414.25 pascal, 0.72, -1.56, 8.47, 0.03, -0.00, -0.03
2023-03-20 16:55:18, 54.51 percent, 1201.0 revolutions_per_minute, 81 degC, 19 degC, 15.294117647058824 percent, 51 kilopascal, 36.0 kph, 12 degC, 99 kilopascal, 47.84313725490196 percent, -414.25 pascal, 1.10, -1.07, 8.32, -0.00, -0.01, -0.02
2023-03-20 16:55:20, 47.84 percent, 1193.0 revolutions_per_minute, 81 degC, 19 degC, 15.294117647058824 percent, 47 kilopascal, 35.0 kph, 12 degC, 99 kilopascal, 44.31372549019608 percent, -236.25 pascal, 0.75, -1.13, 8.60, 0.01, 0.00, -0.02
2023-03-20 16:55:21, 49.8 percent, 1152.0 revolutions_per_minute, 81 degC, 19 degC, 15.686274509803921 percent, 49 kilopascal, 35.0 kph, 12 degC, 99 kilopascal, 50.588235294117645 percent, -236.25 pascal, -0.35, -0.99, 8.96, -0.01, -0.05, -0.01
2023-03-20 16:55:22, 29.02 percent, 1198.0 revolutions_per_minute, 81 degC, 19 degC, 14.117647058823529 percent, 28 kilopascal, 34.0 kph, 12 degC, 99 kilopascal, 51.372549019607845 percent, -267.5 pascal, 0.10, -1.07, 8.63, 0.00, -0.01, -0.01
2023-03-20 16:55:24, 28.24 percent, 1109.0 revolutions_per_minute, 81 degC, 19 degC, 13.72549019607843 percent, 28 kilopascal, 31.0 kph, 12 degC, 99 kilopascal, 43.13725490196079 percent, -202.5 pascal, 0.33, -1.02, 8.84, 0.01, -0.04, -0.01
2023-03-20 16:55:25, 24.71 percent, 1239.0 revolutions_per_minute, 81 degC, 19 degC, 13.72549019607843 percent, 24 kilopascal, 28.0 kph, 12 degC, 99 kilopascal, 32.94117647058823 percent, -105.75 pascal, 0.02, -0.36, 8.53, -0.00, -0.01, -0.00
2023-03-20 16:55:26, 24.71 percent, 1160.0 revolutions_per_minute, 81 degC, 19 degC, 13.72549019607843 percent, 24 kilopascal, 26.0 kph, 12 degC, 99 kilopascal, 40.3921568627451 percent, -137.25 pascal, 0.71, -0.85, 8.66, -0.01, 0.01, -0.04
2023-03-20 16:55:27, 25.1 percent, 1101.0 revolutions_per_minute, 81 degC, 19 degC, 13.333333333333334 percent, 24 kilopascal, 25.0 kph, 11 degC, 99 kilopascal, 40.78431372549019 percent, -57.0 pascal, 0.39, -0.87, 8.54, -0.01, -0.02, -0.06
2023-03-20 16:55:29, 25.88 percent, 1064.0 revolutions_per_minute, 82 degC, 19 degC, 13.333333333333334 percent, 25 kilopascal, 24.0 kph, 11 degC, 99 kilopascal, 47.84313725490196 percent, -57.0 pascal, -0.13, -0.83, 9.14, 0.01, 0.00, -0.04
2023-03-20 16:55:30, 27.45 percent, 1056.0 revolutions_per_minute, 82 degC, 19 degC, 13.72549019607843 percent, 27 kilopascal, 22.0 kph, 11 degC, 99 kilopascal, 40.3921568627451 percent, -57.0 pascal, 0.90, -0.92, 8.96, 0.02, -0.01, -0.03
2023-03-20 16:55:31, 29.8 percent, 941.0 revolutions_per_minute, 82 degC, 20 degC, 13.72549019607843 percent, 29 kilopascal, 19.0 kph, 11 degC, 99 kilopascal, 44.31372549019608 percent, -137.25 pascal, -0.02, -0.51, 8.68, 0.00, -0.04, -0.03
2023-03-20 16:55:33, 37.65 percent, 881.0 revolutions_per_minute, 82 degC, 20 degC, 14.117647058823529 percent, 37 kilopascal, 16.0 kph, 11 degC, 99 kilopascal, 40.78431372549019 percent, -137.25 pascal, 0.72, -0.61, 8.24, -0.01, -0.01, -0.03
2023-03-20 16:55:34, 40.0 percent, 920.0 revolutions_per_minute, 82 degC, 20 degC, 14.117647058823529 percent, 39 kilopascal, 15.0 kph, 11 degC, 99 kilopascal, 51.372549019607845 percent, -105.75 pascal, -0.10, -0.85, 8.33, -0.01, 0.01, -0.04
2023-03-20 16:55:35, 40.0 percent, 924.0 revolutions_per_minute, 82 degC, 20 degC, 14.117647058823529 percent, 39 kilopascal, 16.0 kph, 11 degC, 99 kilopascal, 44.31372549019608 percent, -202.5 pascal, -0.32, -0.97, 8.92, 0.02, -0.03, -0.01
2023-03-20 16:55:37, 38.04 percent, 902.0 revolutions_per_minute, 82 degC, 20 degC, 14.117647058823529 percent, 37 kilopascal, 18.0 kph, 11 degC, 99 kilopascal, 50.98039215686274 percent, -122.25 pascal, 0.08, -0.73, 8.63, 0.01, -0.02, 0.00
2023-03-20 16:55:38, 37.25 percent, 893.0 revolutions_per_minute, 82 degC, 20 degC, 14.117647058823529 percent, 37 kilopascal, 17.0 kph, 11 degC, 99 kilopascal, 52.94117647058823 percent, -153.5 pascal, 0.22, -1.03, 8.75, 0.02, -0.05, -0.00
2023-03-20 16:55:39, 39.22 percent, 910.0 revolutions_per_minute, 82 degC, 20 degC, 14.117647058823529 percent, 38 kilopascal, 17.0 kph, 11 degC, 99 kilopascal, 43.92156862745098 percent, -122.25 pascal, 0.00, -1.26, 8.49, -0.02, -0.02, -0.01
2023-03-20 16:55:41, 39.22 percent, 933.0 revolutions_per_minute, 81 degC, 20 degC, 14.509803921568627 percent, 38 kilopascal, 16.0 kph, 11 degC, 99 kilopascal, 50.98039215686274 percent, -105.75 pascal, 0.17, -1.40, 8.30, -0.02, -0.03, -0.01
2023-03-20 16:55:42, 61.57 percent, 1297.0 revolutions_per_minute, 82 degC, 20 degC, 18.03921568627451 percent, 62 kilopascal, 15.0 kph, 11 degC, 99 kilopascal, 51.372549019607845 percent, -236.25 pascal, 0.14, -0.94, 8.44, -0.02, -0.00, -0.01
2023-03-20 16:55:43, 73.73 percent, 1816.0 revolutions_per_minute, 82 degC, 20 degC, 21.176470588235293 percent, 72 kilopascal, 19.0 kph, 11 degC, 99 kilopascal, 60.78431372549019 percent, -642.25 pascal, 0.69, -0.99, 8.08, -0.02, -0.01, -0.01
2023-03-20 16:55:44, 72.55 percent, 1767.0 revolutions_per_minute, 82 degC, 20 degC, 20.784313725490197 percent, 71 kilopascal, 23.0 kph, 11 degC, 99 kilopascal, 60.78431372549019 percent, -741.0 pascal, 0.22, -1.17, 8.04, 0.01, -0.04, -0.01
2023-03-20 16:55:46, 74.12 percent, 1466.0 revolutions_per_minute, 82 degC, 20 degC, 19.215686274509803 percent, 73 kilopascal, 25.0 kph, 11 degC, 99 kilopascal, 56.470588235294116 percent, -837.5 pascal, 0.03, -1.41, 9.01, -0.01, -0.01, -0.00
2023-03-20 16:55:47, 76.47 percent, 1341.0 revolutions_per_minute, 82 degC, 20 degC, 19.215686274509803 percent, 75 kilopascal, 27.0 kph, 11 degC, 99 kilopascal, 54.11764705882353 percent, -757.25 pascal, 0.56, -1.29, 8.27, 0.01, -0.02, -0.01
2023-03-20 16:55:48, 56.08 percent, 1342.0 revolutions_per_minute, 82 degC, 20 degC, 13.72549019607843 percent, 48 kilopascal, 30.0 kph, 11 degC, 99 kilopascal, 47.84313725490196 percent, -627.0 pascal, 1.26, -1.44, 8.43, 0.01, -0.02, -0.02
2023-03-20 16:55:50, 26.27 percent, 1172.0 revolutions_per_minute, 83 degC, 20 degC, 13.72549019607843 percent, 25 kilopascal, 30.0 kph, 11 degC, 99 kilopascal, 47.450980392156865 percent, -349.0 pascal, 0.23, -1.62, 9.08, 0.01, -0.02, -0.01
2023-03-20 16:55:51, 24.31 percent, 1198.0 revolutions_per_minute, 83 degC, 20 degC, 13.72549019607843 percent, 24 kilopascal, 30.0 kph, 11 degC, 99 kilopascal, 32.94117647058823 percent, -122.25 pascal, 0.49, -1.64, 8.41, -0.01, -0.00, -0.01
2023-03-20 16:55:52, 24.71 percent, 1167.0 revolutions_per_minute, 83 degC, 19 degC, 13.72549019607843 percent, 24 kilopascal, 30.0 kph, 11 degC, 99 kilopascal, 36.86274509803921 percent, -137.25 pascal, 0.66, -1.92, 8.65, -0.01, -0.02, -0.02
2023-03-20 16:55:54, 43.14 percent, 1463.0 revolutions_per_minute, 83 degC, 19 degC, 17.647058823529413 percent, 48 kilopascal, 30.0 kph, 11 degC, 99 kilopascal, 36.07843137254902 percent, -153.5 pascal, 0.39, -1.53, 9.33, 0.01, -0.01, -0.02
2023-03-20 16:55:55, 68.63 percent, 1655.0 revolutions_per_minute, 83 degC, 20 degC, 18.03921568627451 percent, 65 kilopascal, 34.0 kph, 11 degC, 99 kilopascal, 50.98039215686274 percent, -577.0 pascal, 0.74, -1.38, 8.37, 0.01, 0.01, -0.02
2023-03-20 16:55:56, 38.43 percent, 1593.0 revolutions_per_minute, 83 degC, 20 degC, 15.294117647058824 percent, 37 kilopascal, 36.0 kph, 11 degC, 99 kilopascal, 33.72549019607843 percent, -463.0 pascal, 0.54, -1.43, 8.93, 0.02, -0.03, -0.02
2023-03-20 16:55:58, 39.22 percent, 1368.0 revolutions_per_minute, 83 degC, 20 degC, 14.901960784313726 percent, 38 kilopascal, 37.0 kph, 11 degC, 99 kilopascal, 47.450980392156865 percent, -332.75 pascal, 0.80, -1.88, 8.95, 0.01, 0.00, -0.03
2023-03-20 16:55:59, 37.65 percent, 1291.0 revolutions_per_minute, 83 degC, 20 degC, 14.901960784313726 percent, 37 kilopascal, 39.0 kph, 11 degC, 99 kilopascal, 43.92156862745098 percent, -283.75 pascal, 1.77, -1.12, 8.53, -0.01, -0.01, -0.03
2023-03-20 16:56:00, 24.71 percent, 1293.0 revolutions_per_minute, 83 degC, 20 degC, 13.72549019607843 percent, 23 kilopascal, 39.0 kph, 11 degC, 99 kilopascal, 50.588235294117645 percent, -171.0 pascal, -0.37, -1.28, 9.26, -0.01, -0.02, -0.02
2023-03-20 16:56:01, 0.0 percent, 1461.0 revolutions_per_minute, 83 degC, 20 degC, 14.117647058823529 percent, 25 kilopascal, 37.0 kph, 11 degC, 99 kilopascal, 40.3921568627451 percent, 24.25 pascal, 0.06, -0.48, 8.30, -0.00, 0.01, 0.00
2023-03-20 16:56:03, 0.0 percent, 1543.0 revolutions_per_minute, 83 degC, 20 degC, 14.509803921568627 percent, 25 kilopascal, 36.0 kph, 11 degC, 99 kilopascal, 40.78431372549019 percent, -23.5 pascal, 0.29, -0.57, 8.70, 0.03, -0.01, 0.00
2023-03-20 16:56:04, 0.0 percent, 1448.0 revolutions_per_minute, 83 degC, 20 degC, 14.509803921568627 percent, 25 kilopascal, 33.0 kph, 11 degC, 99 kilopascal, 36.86274509803921 percent, -23.5 pascal, 0.60, 0.06, 8.11, 0.01, -0.01, 0.01
2023-03-20 16:56:05, 0.0 percent, 1248.0 revolutions_per_minute, 83 degC, 20 degC, 13.72549019607843 percent, 25 kilopascal, 28.0 kph, 11 degC, 99 kilopascal, 33.333333333333336 percent, -23.5 pascal, 0.23, -0.03, 8.59, 0.02, -0.05, -0.03
2023-03-20 16:56:07, 37.25 percent, 1278.0 revolutions_per_minute, 83 degC, 20 degC, 15.686274509803921 percent, 39 kilopascal, 26.0 kph, 11 degC, 99 kilopascal, 30.980392156862745 percent, -7.25 pascal, 0.91, 0.21, 7.34, 0.08, -0.04, -0.01
2023-03-20 16:56:08, 72.55 percent, 1400.0 revolutions_per_minute, 83 degC, 20 degC, 18.823529411764707 percent, 72 kilopascal, 27.0 kph, 11 degC, 99 kilopascal, 51.372549019607845 percent, -218.75 pascal, 1.88, -0.93, 8.43, -0.04, -0.04, -0.03
2023-03-20 16:56:09, 70.98 percent, 1389.0 revolutions_per_minute, 83 degC, 20 degC, 17.254901960784313 percent, 67 kilopascal, 31.0 kph, 11 degC, 99 kilopascal, 50.98039215686274 percent, -577.0 pascal, 1.04, -0.71, 8.94, -0.02, -0.00, -0.02
2023-03-20 16:56:11, 51.76 percent, 1441.0 revolutions_per_minute, 82 degC, 20 degC, 14.509803921568627 percent, 45 kilopascal, 33.0 kph, 11 degC, 99 kilopascal, 52.94117647058823 percent, -447.75 pascal, 0.11, -0.94, 9.09, 0.01, -0.09, 0.05
2023-03-20 16:56:12, 25.49 percent, 1398.0 revolutions_per_minute, 82 degC, 20 degC, 14.117647058823529 percent, 24 kilopascal, 33.0 kph, 11 degC, 99 kilopascal, 47.84313725490196 percent, -283.75 pascal, -0.26, -0.13, 8.21, -0.02, -0.01, 0.10
2023-03-20 16:56:13, 29.41 percent, 1196.0 revolutions_per_minute, 82 degC, 20 degC, 14.509803921568627 percent, 29 kilopascal, 35.0 kph, 11 degC, 99 kilopascal, 50.98039215686274 percent, -202.5 pascal, -0.39, -0.31, 7.90, -0.04, -0.05, 0.11
2023-03-20 16:56:15, 26.67 percent, 1257.0 revolutions_per_minute, 82 degC, 20 degC, 14.117647058823529 percent, 26 kilopascal, 36.0 kph, 11 degC, 99 kilopascal, 47.450980392156865 percent, -122.25 pascal, -1.89, -0.55, 9.07, 0.00, 0.03, 0.16
2023-03-20 16:56:16, 32.55 percent, 1349.0 revolutions_per_minute, 82 degC, 20 degC, 13.72549019607843 percent, 30 kilopascal, 37.0 kph, 11 degC, 99 kilopascal, 47.450980392156865 percent, -171.0 pascal, -1.80, -1.10, 9.01, 0.03, 0.01, 0.19
2023-03-20 16:56:17, 27.45 percent, 1231.0 revolutions_per_minute, 82 degC, 20 degC, 13.72549019607843 percent, 27 kilopascal, 37.0 kph, 11 degC, 99 kilopascal, 47.84313725490196 percent, -122.25 pascal, -1.52, -0.76, 8.93, 0.01, -0.03, 0.20
2023-03-20 16:56:19, 78.43 percent, 1268.0 revolutions_per_minute, 82 degC, 20 degC, 20.0 percent, 77 kilopascal, 38.0 kph, 11 degC, 99 kilopascal, 45.490196078431374 percent, -301.25 pascal, -0.62, -0.17, 8.48, -0.01, -0.02, 0.15
2023-03-20 16:56:20, 87.06 percent, 1345.0 revolutions_per_minute, 82 degC, 20 degC, 22.352941176470587 percent, 86 kilopascal, 40.0 kph, 11 degC, 99 kilopascal, 54.11764705882353 percent, -447.75 pascal, 0.33, -0.49, 8.07, -0.03, -0.01, 0.02
2023-03-20 16:56:21, 89.02 percent, 1384.0 revolutions_per_minute, 82 degC, 20 degC, 23.137254901960784 percent, 87 kilopascal, 41.0 kph, 11 degC, 99 kilopascal, 50.588235294117645 percent, -431.5 pascal, -0.25, -0.10, 8.23, -0.02, -0.01, -0.02
2023-03-20 16:56:23, 96.08 percent, 1763.0 revolutions_per_minute, 82 degC, 20 degC, 32.94117647058823 percent, 94 kilopascal, 41.0 kph, 11 degC, 99 kilopascal, 53.333333333333336 percent, -349.0 pascal, 0.43, -0.28, 9.17, -0.03, -0.02, -0.03
2023-03-20 16:56:24, 97.65 percent, 2261.0 revolutions_per_minute, 82 degC, 20 degC, 38.03921568627451 percent, 95 kilopascal, 44.0 kph, 11 degC, 99 kilopascal, 56.86274509803921 percent, -218.75 pascal, 1.41, -0.53, 8.49, -0.02, -0.03, -0.04
2023-03-20 16:56:25, 97.65 percent, 2333.0 revolutions_per_minute, 83 degC, 20 degC, 38.431372549019606 percent, 95 kilopascal, 47.0 kph, 11 degC, 99 kilopascal, 53.333333333333336 percent, -122.25 pascal, 0.98, -0.10, 8.40, -0.02, 0.01, -0.06
2023-03-20 16:56:26, 82.35 percent, 2206.0 revolutions_per_minute, 83 degC, 19 degC, 23.92156862745098 percent, 78 kilopascal, 50.0 kph, 11 degC, 99 kilopascal, 56.470588235294116 percent, -252.5 pascal, 0.44, -0.34, 9.60, -0.02, -0.05, -0.03
2023-03-20 16:56:28, 77.25 percent, 2064.0 revolutions_per_minute, 83 degC, 19 degC, 23.137254901960784 percent, 75 kilopascal, 49.0 kph, 11 degC, 99 kilopascal, 52.94117647058823 percent, -545.5 pascal, 0.44, -0.43, 8.89, 0.01, -0.08, 0.03
2023-03-20 16:56:29, 63.92 percent, 1845.0 revolutions_per_minute, 83 degC, 19 degC, 17.647058823529413 percent, 61 kilopascal, 49.0 kph, 11 degC, 99 kilopascal, 53.333333333333336 percent, -788.75 pascal, -0.78, -0.49, 8.80, -0.00, -0.06, 0.06
2023-03-20 16:56:30, 44.71 percent, 1682.0 revolutions_per_minute, 83 degC, 18 degC, 14.901960784313726 percent, 38 kilopascal, 46.0 kph, 11 degC, 99 kilopascal, 47.84313725490196 percent, -593.25 pascal, -0.49, -0.89, 8.31, -0.01, -0.06, 0.12
2023-03-20 16:56:32, 41.18 percent, 1505.0 revolutions_per_minute, 84 degC, 18 degC, 17.647058823529413 percent, 45 kilopascal, 44.0 kph, 11 degC, 99 kilopascal, 43.92156862745098 percent, -349.0 pascal, 0.76, -1.24, 8.61, -0.01, -0.07, 0.12
2023-03-20 16:56:33, 57.25 percent, 1676.0 revolutions_per_minute, 84 degC, 18 degC, 16.470588235294116 percent, 55 kilopascal, 44.0 kph, 11 degC, 99 kilopascal, 47.450980392156865 percent, -545.5 pascal, 0.06, -0.70, 7.99, 0.00, -0.02, 0.07
2023-03-20 16:56:34, 34.9 percent, 1554.0 revolutions_per_minute, 84 degC, 18 degC, 14.901960784313726 percent, 33 kilopascal, 44.0 kph, 11 degC, 99 kilopascal, 36.07843137254902 percent, -382.75 pascal, 0.94, -1.02, 8.91, 0.03, 0.04, -0.10
2023-03-20 16:56:36, 74.12 percent, 1479.0 revolutions_per_minute, 84 degC, 18 degC, 16.862745098039216 percent, 68 kilopascal, 45.0 kph, 11 degC, 99 kilopascal, 47.84313725490196 percent, -447.75 pascal, 0.81, -0.96, 8.17, -0.06, -0.00, -0.09
2023-03-20 16:56:37, 60.39 percent, 1536.0 revolutions_per_minute, 84 degC, 18 degC, 16.470588235294116 percent, 57 kilopascal, 46.0 kph, 11 degC, 99 kilopascal, 43.92156862745098 percent, -593.25 pascal, 0.43, -1.54, 8.40, 0.01, -0.02, -0.05
2023-03-20 16:56:38, 57.25 percent, 1590.0 revolutions_per_minute, 84 degC, 18 degC, 19.607843137254903 percent, 62 kilopascal, 47.0 kph, 11 degC, 99 kilopascal, 50.588235294117645 percent, -431.5 pascal, 0.51, -1.19, 8.13, 0.01, -0.01, -0.06
2023-03-20 16:56:40, 74.12 percent, 1636.0 revolutions_per_minute, 84 degC, 19 degC, 20.0 percent, 72 kilopascal, 49.0 kph, 11 degC, 99 kilopascal, 47.84313725490196 percent, -707.25 pascal, 0.95, -0.93, 8.63, -0.03, 0.00, -0.04
2023-03-20 16:56:41, 73.33 percent, 1684.0 revolutions_per_minute, 84 degC, 19 degC, 20.392156862745097 percent, 72 kilopascal, 51.0 kph, 11 degC, 99 kilopascal, 50.98039215686274 percent, -741.0 pascal, 0.95, -0.84, 8.74, -0.02, -0.04, -0.02
2023-03-20 16:56:42, 43.53 percent, 1700.0 revolutions_per_minute, 84 degC, 19 degC, 14.117647058823529 percent, 36 kilopascal, 51.0 kph, 11 degC, 99 kilopascal, 50.98039215686274 percent, -757.25 pascal, 0.33, -1.02, 8.50, -0.00, 0.03, -0.02
2023-03-20 16:56:44, 29.02 percent, 1620.0 revolutions_per_minute, 84 degC, 18 degC, 16.07843137254902 percent, 32 kilopascal, 49.0 kph, 11 degC, 99 kilopascal, 40.3921568627451 percent, -397.75 pascal, -0.78, -2.10, 8.75, -0.00, 0.02, -0.01
2023-03-20 16:56:45, 43.92 percent, 1597.0 revolutions_per_minute, 84 degC, 18 degC, 15.686274509803921 percent, 43 kilopascal, 48.0 kph, 11 degC, 99 kilopascal, 47.450980392156865 percent, -349.0 pascal, -0.55, -1.95, 7.94, -0.03, 0.01, 0.03
2023-03-20 16:56:46, 47.45 percent, 1562.0 revolutions_per_minute, 84 degC, 18 degC, 16.07843137254902 percent, 46 kilopascal, 47.0 kph, 11 degC, 99 kilopascal, 47.84313725490196 percent, -349.0 pascal, -0.97, -1.76, 8.60, 0.01, -0.09, 0.16
2023-03-20 16:56:47, 58.04 percent, 1541.0 revolutions_per_minute, 84 degC, 19 degC, 15.686274509803921 percent, 54 kilopascal, 46.0 kph, 11 degC, 99 kilopascal, 50.98039215686274 percent, -431.5 pascal, -1.36, -1.58, 9.02, -0.03, -0.08, 0.26
2023-03-20 16:56:49, 27.06 percent, 1486.0 revolutions_per_minute, 84 degC, 19 degC, 14.117647058823529 percent, 26 kilopascal, 44.0 kph, 11 degC, 99 kilopascal, 43.92156862745098 percent, -301.25 pascal, -0.34, -1.32, 8.34, -0.02, -0.07, 0.25
2023-03-20 16:56:50, 24.71 percent, 1391.0 revolutions_per_minute, 84 degC, 19 degC, 13.72549019607843 percent, 24 kilopascal, 42.0 kph, 11 degC, 99 kilopascal, 47.84313725490196 percent, -202.5 pascal, -0.73, -0.75, 8.82, -0.01, -0.06, 0.27
2023-03-20 16:56:51, 37.25 percent, 1410.0 revolutions_per_minute, 84 degC, 19 degC, 14.117647058823529 percent, 35 kilopascal, 40.0 kph, 11 degC, 99 kilopascal, 47.84313725490196 percent, -218.75 pascal, -0.65, -1.20, 9.55, 0.01, 0.02, 0.34
2023-03-20 16:56:53, 0.0 percent, 1239.0 revolutions_per_minute, 84 degC, 19 degC, 13.72549019607843 percent, 23 kilopascal, 37.0 kph, 11 degC, 99 kilopascal, 40.3921568627451 percent, -122.25 pascal, -2.05, -2.32, 8.77, -0.03, -0.07, 0.27
2023-03-20 16:56:54, 30.98 percent, 1258.0 revolutions_per_minute, 84 degC, 19 degC, 13.72549019607843 percent, 28 kilopascal, 34.0 kph, 11 degC, 99 kilopascal, 47.84313725490196 percent, -7.25 pascal, -2.68, -2.19, 8.50, -0.04, -0.07, 0.22
2023-03-20 16:56:55, 37.25 percent, 1242.0 revolutions_per_minute, 84 degC, 19 degC, 14.901960784313726 percent, 37 kilopascal, 33.0 kph, 11 degC, 99 kilopascal, 47.84313725490196 percent, -7.25 pascal, -1.18, -0.95, 9.13, -0.01, -0.09, 0.36
2023-03-20 16:56:57, 38.04 percent, 1287.0 revolutions_per_minute, 84 degC, 19 degC, 14.509803921568627 percent, 37 kilopascal, 35.0 kph, 11 degC, 99 kilopascal, 47.450980392156865 percent, -105.75 pascal, 0.29, -1.16, 8.96, -0.01, -0.13, 0.38
2023-03-20 16:56:58, 67.06 percent, 1269.0 revolutions_per_minute, 84 degC, 19 degC, 18.03921568627451 percent, 67 kilopascal, 38.0 kph, 11 degC, 99 kilopascal, 43.92156862745098 percent, -252.5 pascal, -0.78, -0.18, 8.67, -0.03, -0.04, 0.17
2023-03-20 16:56:59, 70.59 percent, 1401.0 revolutions_per_minute, 84 degC, 19 degC, 18.03921568627451 percent, 69 kilopascal, 42.0 kph, 11 degC, 99 kilopascal, 50.98039215686274 percent, -496.75 pascal, -0.63, 0.59, 8.64, 0.01, -0.04, 0.17
2023-03-20 16:57:01, 65.49 percent, 1529.0 revolutions_per_minute, 83 degC, 19 degC, 17.647058823529413 percent, 64 kilopascal, 46.0 kph, 11 degC, 99 kilopascal, 50.98039215686274 percent, -658.5 pascal, -0.68, 0.18, 8.37, -0.01, 0.01, 0.19
2023-03-20 16:57:02, 60.78 percent, 1632.0 revolutions_per_minute, 83 degC, 19 degC, 17.254901960784313 percent, 58 kilopascal, 49.0 kph, 11 degC, 99 kilopascal, 47.84313725490196 percent, -610.75 pascal, -0.45, 0.30, 8.44, -0.03, -0.02, 0.19
2023-03-20 16:57:03, 53.33 percent, 1681.0 revolutions_per_minute, 83 degC, 19 degC, 16.470588235294116 percent, 51 kilopascal, 50.0 kph, 11 degC, 99 kilopascal, 47.450980392156865 percent, -593.25 pascal, -0.18, 0.24, 8.83, -0.00, -0.07, 0.11
2023-03-20 16:57:05, 0.0 percent, 1637.0 revolutions_per_minute, 83 degC, 19 degC, 14.901960784313726 percent, 25 kilopascal, 50.0 kph, 11 degC, 99 kilopascal, 43.92156862745098 percent, -317.5 pascal, 0.02, 0.10, 9.07, -0.01, -0.03, 0.03
2023-03-20 16:57:06, 0.0 percent, 1615.0 revolutions_per_minute, 83 degC, 19 degC, 14.509803921568627 percent, 25 kilopascal, 49.0 kph, 10 degC, 99 kilopascal, 39.6078431372549 percent, 24.25 pascal, -0.11, -0.36, 9.30, -0.01, -0.01, 0.06
2023-03-20 16:57:07, 0.0 percent, 1558.0 revolutions_per_minute, 83 degC, 19 degC, 14.509803921568627 percent, 24 kilopascal, 47.0 kph, 10 degC, 99 kilopascal, 43.92156862745098 percent, -23.5 pascal, -0.18, -0.82, 8.26, -0.09, -0.03, 0.08
2023-03-20 16:57:09, 0.0 percent, 1507.0 revolutions_per_minute, 83 degC, 19 degC, 14.509803921568627 percent, 25 kilopascal, 46.0 kph, 10 degC, 99 kilopascal, 40.3921568627451 percent, 73.0 pascal, 0.14, -0.55, 7.98, -0.02, -0.00, -0.01
2023-03-20 16:57:10, 0.0 percent, 1460.0 revolutions_per_minute, 83 degC, 19 degC, 14.117647058823529 percent, 25 kilopascal, 44.0 kph, 10 degC, 99 kilopascal, 47.84313725490196 percent, -7.25 pascal, 1.86, -1.13, 8.60, -0.08, 0.00, -0.13
2023-03-20 16:57:11, 0.0 percent, 1406.0 revolutions_per_minute, 83 degC, 19 degC, 14.117647058823529 percent, 25 kilopascal, 43.0 kph, 10 degC, 99 kilopascal, 40.3921568627451 percent, -7.25 pascal, 1.33, -0.67, 8.48, 0.03, -0.04, -0.15
2023-03-20 16:57:13, 0.0 percent, 1287.0 revolutions_per_minute, 83 degC, 19 degC, 14.117647058823529 percent, 25 kilopascal, 39.0 kph, 10 degC, 99 kilopascal, 43.92156862745098 percent, 73.0 pascal, 2.09, -1.06, 8.48, 0.00, -0.00, -0.15
2023-03-20 16:57:14, 26.27 percent, 1056.0 revolutions_per_minute, 83 degC, 19 degC, 13.333333333333334 percent, 24 kilopascal, 32.0 kph, 10 degC, 99 kilopascal, 32.94117647058823 percent, 73.0 pascal, 1.60, -0.82, 8.93, 0.02, 0.06, -0.15
2023-03-20 16:57:15, 25.1 percent, 1151.0 revolutions_per_minute, 82 degC, 19 degC, 13.333333333333334 percent, 23 kilopascal, 26.0 kph, 10 degC, 99 kilopascal, 33.333333333333336 percent, -23.5 pascal, 1.70, -0.07, 8.94, 0.05, -0.00, -0.15
2023-03-20 16:57:17, 26.27 percent, 1012.0 revolutions_per_minute, 82 degC, 20 degC, 13.333333333333334 percent, 26 kilopascal, 20.0 kph, 10 degC, 99 kilopascal, 24.705882352941178 percent, 73.0 pascal, 1.23, -0.97, 8.81, -0.03, -0.02, -0.14
2023-03-20 16:57:19, 39.61 percent, 839.0 revolutions_per_minute, 82 degC, 20 degC, 14.117647058823529 percent, 39 kilopascal, 11.0 kph, 10 degC, 99 kilopascal, 30.19607843137255 percent, -88.5 pascal, 0.92, -1.02, 8.96, 0.01, -0.08, -0.07
2023-03-20 16:57:20, 39.61 percent, 871.0 revolutions_per_minute, 82 degC, 20 degC, 14.117647058823529 percent, 38 kilopascal, 3.0 kph, 9 degC, 99 kilopascal, 25.49019607843137 percent, -153.5 pascal, 1.06, -0.40, 7.89, -0.00, -0.01, 0.00
2023-03-20 16:57:22, 71.37 percent, 1560.0 revolutions_per_minute, 82 degC, 20 degC, 19.607843137254903 percent, 70 kilopascal, 9.0 kph, 9 degC, 99 kilopascal, 50.588235294117645 percent, -349.0 pascal, 0.04, -1.06, 9.05, 0.01, -0.02, 0.04
2023-03-20 16:57:23, 70.98 percent, 2068.0 revolutions_per_minute, 82 degC, 20 degC, 21.176470588235293 percent, 69 kilopascal, 18.0 kph, 9 degC, 99 kilopascal, 50.98039215686274 percent, -707.25 pascal, -0.03, -1.08, 8.45, -0.01, -0.04, 0.03
2023-03-20 16:57:24, 67.06 percent, 1795.0 revolutions_per_minute, 82 degC, 20 degC, 19.607843137254903 percent, 66 kilopascal, 24.0 kph, 9 degC, 99 kilopascal, 50.98039215686274 percent, -806.25 pascal, 1.14, -0.83, 8.90, 0.02, 0.02, 0.01
2023-03-20 16:57:26, 64.71 percent, 1941.0 revolutions_per_minute, 82 degC, 20 degC, 18.823529411764707 percent, 63 kilopascal, 29.0 kph, 9 degC, 99 kilopascal, 47.84313725490196 percent, -887.5 pascal, 1.81, -1.02, 8.06, 0.02, 0.02, -0.02
2023-03-20 16:57:27, 27.06 percent, 1207.0 revolutions_per_minute, 82 degC, 20 degC, 13.333333333333334 percent, 25 kilopascal, 29.0 kph, 9 degC, 99 kilopascal, 40.3921568627451 percent, -528.25 pascal, 0.89, -1.87, 8.92, 0.01, 0.01, -0.05
2023-03-20 16:57:28, 24.71 percent, 1151.0 revolutions_per_minute, 82 degC, 20 degC, 13.333333333333334 percent, 24 kilopascal, 26.0 kph, 9 degC, 99 kilopascal, 40.3921568627451 percent, -218.75 pascal, 0.34, -1.31, 8.56, 0.01, -0.02, -0.06
2023-03-20 16:57:30, 27.06 percent, 993.0 revolutions_per_minute, 82 degC, 20 degC, 13.333333333333334 percent, 26 kilopascal, 21.0 kph, 9 degC, 99 kilopascal, 33.333333333333336 percent, -137.25 pascal, 1.53, -1.15, 9.57, 0.04, -0.01, -0.16
2023-03-20 16:57:31, 31.37 percent, 865.0 revolutions_per_minute, 82 degC, 20 degC, 13.72549019607843 percent, 31 kilopascal, 16.0 kph, 9 degC, 99 kilopascal, 40.3921568627451 percent, -57.0 pascal, 2.31, -0.81, 8.86, 0.01, -0.01, -0.28
2023-03-20 16:57:32, 38.43 percent, 912.0 revolutions_per_minute, 83 degC, 20 degC, 14.117647058823529 percent, 38 kilopascal, 12.0 kph, 9 degC, 99 kilopascal, 40.3921568627451 percent, -153.5 pascal, 0.96, -0.97, 9.68, -0.03, 0.04, -0.23
2023-03-20 16:57:34, 40.0 percent, 868.0 revolutions_per_minute, 83 degC, 20 degC, 14.117647058823529 percent, 39 kilopascal, 3.0 kph, 9 degC, 99 kilopascal, 23.92156862745098 percent, -105.75 pascal, 0.83, 0.57, 8.65, -0.04, -0.00, -0.17
2023-03-20 16:57:35, 46.27 percent, 954.0 revolutions_per_minute, 83 degC, 20 degC, 16.862745098039216 percent, 49 kilopascal, 4.0 kph, 9 degC, 99 kilopascal, 48.627450980392155 percent, -105.75 pascal, 0.10, -0.00, 8.34, -0.02, -0.05, -0.11
2023-03-20 16:57:36, 68.24 percent, 1491.0 revolutions_per_minute, 83 degC, 20 degC, 18.431372549019606 percent, 67 kilopascal, 12.0 kph, 9 degC, 99 kilopascal, 56.470588235294116 percent, -447.75 pascal, -0.85, -0.86, 8.81, -0.01, -0.05, -0.04
2023-03-20 16:57:38, 60.78 percent, 1883.0 revolutions_per_minute, 83 degC, 20 degC, 15.686274509803921 percent, 55 kilopascal, 18.0 kph, 9 degC, 99 kilopascal, 53.333333333333336 percent, -676.0 pascal, 1.08, -0.23, 8.79, -0.01, 0.01, -0.03
2023-03-20 16:57:39, 47.84 percent, 1334.0 revolutions_per_minute, 83 degC, 20 degC, 15.686274509803921 percent, 47 kilopascal, 19.0 kph, 9 degC, 99 kilopascal, 50.98039215686274 percent, -366.5 pascal, -0.71, -1.21, 8.20, -0.02, -0.05, -0.02
2023-03-20 16:57:41, 56.47 percent, 1359.0 revolutions_per_minute, 83 degC, 20 degC, 16.862745098039216 percent, 57 kilopascal, 22.0 kph, 9 degC, 99 kilopascal, 47.84313725490196 percent, -414.25 pascal, 0.09, -0.62, 9.16, 0.00, -0.04, -0.01
2023-03-20 16:57:42, 54.12 percent, 1618.0 revolutions_per_minute, 83 degC, 20 degC, 16.07843137254902 percent, 51 kilopascal, 25.0 kph, 9 degC, 99 kilopascal, 47.84313725490196 percent, -431.5 pascal, 0.89, -0.55, 8.58, 0.06, -0.02, -0.02
2023-03-20 16:57:44, 40.0 percent, 1417.0 revolutions_per_minute, 83 degC, 20 degC, 15.294117647058824 percent, 39 kilopascal, 27.0 kph, 9 degC, 99 kilopascal, 47.84313725490196 percent, -317.5 pascal, -0.14, -1.09, 9.10, 0.00, -0.01, -0.03
2023-03-20 16:57:45, 36.47 percent, 1300.0 revolutions_per_minute, 83 degC, 20 degC, 13.333333333333334 percent, 32 kilopascal, 28.0 kph, 9 degC, 99 kilopascal, 47.84313725490196 percent, -236.25 pascal, -0.40, -0.60, 9.62, 0.03, 0.00, -0.00
2023-03-20 16:57:46, 24.31 percent, 1190.0 revolutions_per_minute, 83 degC, 20 degC, 13.333333333333334 percent, 24 kilopascal, 28.0 kph, 9 degC, 99 kilopascal, 40.78431372549019 percent, -122.25 pascal, 0.32, -1.07, 7.69, -0.02, -0.02, -0.00
2023-03-20 16:57:48, 24.31 percent, 1183.0 revolutions_per_minute, 83 degC, 20 degC, 13.333333333333334 percent, 24 kilopascal, 28.0 kph, 9 degC, 99 kilopascal, 40.3921568627451 percent, -137.25 pascal, 0.37, -0.57, 8.43, 0.02, -0.00, -0.01
2023-03-20 16:57:49, 23.92 percent, 1204.0 revolutions_per_minute, 83 degC, 20 degC, 13.333333333333334 percent, 23 kilopascal, 29.0 kph, 9 degC, 99 kilopascal, 47.84313725490196 percent, -57.0 pascal, 1.61, 0.28, 8.48, 0.02, -0.03, -0.02
2023-03-20 16:57:50, 23.92 percent, 1191.0 revolutions_per_minute, 83 degC, 20 degC, 13.333333333333334 percent, 23 kilopascal, 29.0 kph, 9 degC, 99 kilopascal, 44.31372549019608 percent, -57.0 pascal, 1.09, -0.05, 8.98, 0.05, 0.00, -0.01
2023-03-20 16:57:52, 23.14 percent, 1195.0 revolutions_per_minute, 83 degC, 20 degC, 13.333333333333334 percent, 22 kilopascal, 29.0 kph, 9 degC, 99 kilopascal, 43.92156862745098 percent, -57.0 pascal, 0.52, 0.14, 9.49, 0.04, -0.05, -0.01
2023-03-20 16:57:53, 24.31 percent, 1207.0 revolutions_per_minute, 83 degC, 20 degC, 13.333333333333334 percent, 23 kilopascal, 30.0 kph, 9 degC, 99 kilopascal, 43.92156862745098 percent, -57.0 pascal, 0.65, -0.11, 8.78, 0.02, -0.00, -0.01
2023-03-20 16:57:55, 24.31 percent, 1224.0 revolutions_per_minute, 83 degC, 20 degC, 13.333333333333334 percent, 23 kilopascal, 30.0 kph, 9 degC, 99 kilopascal, 40.3921568627451 percent, -57.0 pascal, 0.22, 0.82, 8.68, -0.00, -0.01, -0.00
2023-03-20 16:57:56, 24.71 percent, 1168.0 revolutions_per_minute, 83 degC, 20 degC, 13.333333333333334 percent, 24 kilopascal, 27.0 kph, 9 degC, 99 kilopascal, 36.86274509803921 percent, -57.0 pascal, 0.01, 0.69, 8.97, -0.03, -0.03, -0.03
2023-03-20 16:57:57, 24.71 percent, 1091.0 revolutions_per_minute, 83 degC, 20 degC, 13.333333333333334 percent, 24 kilopascal, 25.0 kph, 9 degC, 99 kilopascal, 36.86274509803921 percent, -57.0 pascal, 0.37, 0.94, 8.94, -0.00, 0.00, -0.02
2023-03-20 16:57:59, 25.49 percent, 1004.0 revolutions_per_minute, 83 degC, 20 degC, 13.333333333333334 percent, 25 kilopascal, 21.0 kph, 9 degC, 99 kilopascal, 25.88235294117647 percent, -40.75 pascal, 0.13, 0.70, 8.65, -0.03, -0.03, -0.01
2023-03-20 16:58:00, 34.12 percent, 807.0 revolutions_per_minute, 83 degC, 20 degC, 14.117647058823529 percent, 35 kilopascal, 13.0 kph, 9 degC, 99 kilopascal, 32.94117647058823 percent, -57.0 pascal, 0.89, 0.79, 7.95, 0.01, -0.01, -0.02
2023-03-20 16:58:01, 36.86 percent, 904.0 revolutions_per_minute, 83 degC, 21 degC, 13.72549019607843 percent, 36 kilopascal, 14.0 kph, 9 degC, 99 kilopascal, 43.92156862745098 percent, -153.5 pascal, 0.20, 0.40, 8.66, -0.01, -0.02, 0.00
2023-03-20 16:58:03, 35.69 percent, 881.0 revolutions_per_minute, 83 degC, 21 degC, 13.72549019607843 percent, 35 kilopascal, 16.0 kph, 9 degC, 99 kilopascal, 28.627450980392158 percent, -153.5 pascal, -0.25, -0.11, 8.57, -0.03, 0.00, 0.00
2023-03-20 16:58:04, 32.55 percent, 891.0 revolutions_per_minute, 83 degC, 21 degC, 13.333333333333334 percent, 31 kilopascal, 17.0 kph, 9 degC, 99 kilopascal, 33.333333333333336 percent, -57.0 pascal, 0.30, -0.85, 8.45, -0.02, -0.02, 0.00
2023-03-20 16:58:05, 30.59 percent, 886.0 revolutions_per_minute, 84 degC, 21 degC, 13.333333333333334 percent, 30 kilopascal, 18.0 kph, 9 degC, 99 kilopascal, 43.92156862745098 percent, -40.75 pascal, 0.88, -0.87, 8.91, -0.01, -0.05, -0.03
2023-03-20 16:58:07, 30.59 percent, 881.0 revolutions_per_minute, 84 degC, 21 degC, 13.333333333333334 percent, 30 kilopascal, 18.0 kph, 9 degC, 99 kilopascal, 41.96078431372549 percent, -57.0 pascal, 0.53, -0.49, 8.37, -0.02, -0.03, -0.02
2023-03-20 16:58:08, 35.29 percent, 858.0 revolutions_per_minute, 84 degC, 21 degC, 13.72549019607843 percent, 35 kilopascal, 15.0 kph, 9 degC, 99 kilopascal, 40.3921568627451 percent, -137.25 pascal, 0.99, -0.17, 8.33, -0.01, -0.04, -0.04
2023-03-20 16:58:09, 38.43 percent, 875.0 revolutions_per_minute, 83 degC, 21 degC, 14.117647058823529 percent, 38 kilopascal, 12.0 kph, 9 degC, 99 kilopascal, 29.41176470588235 percent, -153.5 pascal, 0.88, -0.44, 8.82, -0.01, -0.02, -0.02
2023-03-20 16:58:11, 38.43 percent, 907.0 revolutions_per_minute, 83 degC, 21 degC, 14.117647058823529 percent, 37 kilopascal, 11.0 kph, 9 degC, 99 kilopascal, 30.980392156862745 percent, -153.5 pascal, 0.86, -0.51, 9.30, 0.01, -0.03, -0.03
2023-03-20 16:58:12, 38.82 percent, 907.0 revolutions_per_minute, 83 degC, 21 degC, 14.117647058823529 percent, 38 kilopascal, 10.0 kph, 9 degC, 99 kilopascal, 32.94117647058823 percent, -105.75 pascal, 1.34, 0.07, 8.28, -0.02, -0.05, -0.01
2023-03-20 16:58:13, 43.14 percent, 1166.0 revolutions_per_minute, 83 degC, 21 degC, 16.470588235294116 percent, 44 kilopascal, 10.0 kph, 9 degC, 99 kilopascal, 39.6078431372549 percent, -122.25 pascal, 0.92, -0.63, 8.58, 0.01, 0.00, -0.00
2023-03-20 16:58:15, 54.51 percent, 1301.0 revolutions_per_minute, 84 degC, 21 degC, 17.647058823529413 percent, 57 kilopascal, 10.0 kph, 9 degC, 99 kilopascal, 47.450980392156865 percent, -267.5 pascal, -0.01, -0.73, 8.58, -0.00, -0.01, 0.01
2023-03-20 16:58:16, 50.98 percent, 1429.0 revolutions_per_minute, 83 degC, 21 degC, 13.72549019607843 percent, 44 kilopascal, 10.0 kph, 9 degC, 99 kilopascal, 47.84313725490196 percent, -463.0 pascal, 0.20, 0.07, 8.93, 0.01, -0.02, 0.03
2023-03-20 16:58:17, 32.16 percent, 1012.0 revolutions_per_minute, 84 degC, 21 degC, 13.72549019607843 percent, 31 kilopascal, 8.0 kph, 9 degC, 99 kilopascal, 40.3921568627451 percent, -187.25 pascal, 0.51, -0.11, 8.18, 0.01, -0.01, 0.03
2023-03-20 16:58:19, 34.12 percent, 921.0 revolutions_per_minute, 84 degC, 21 degC, 13.333333333333334 percent, 33 kilopascal, 7.0 kph, 9 degC, 99 kilopascal, 47.84313725490196 percent, -202.5 pascal, 0.88, 0.04, 8.14, -0.01, -0.03, -0.00
2023-03-20 16:58:20, 40.78 percent, 921.0 revolutions_per_minute, 83 degC, 21 degC, 14.509803921568627 percent, 41 kilopascal, 4.0 kph, 9 degC, 99 kilopascal, 35.68627450980392 percent, -153.5 pascal, 0.13, -0.35, 8.84, -0.01, 0.02, 0.00
2023-03-20 16:58:21, 40.78 percent, 935.0 revolutions_per_minute, 83 degC, 21 degC, 14.117647058823529 percent, 40 kilopascal, 1.0 kph, 9 degC, 99 kilopascal, 30.980392156862745 percent, -202.5 pascal, 0.61, -1.31, 8.36, -0.01, 0.00, -0.00
2023-03-20 16:58:23, 38.04 percent, 808.0 revolutions_per_minute, 83 degC, 21 degC, 13.72549019607843 percent, 37 kilopascal, 0.0 kph, 9 degC, 99 kilopascal, 45.09803921568628 percent, -105.75 pascal, 0.41, -0.42, 8.39, 0.00, -0.01, -0.00
2023-03-20 16:58:24, 38.43 percent, 825.0 revolutions_per_minute, 83 degC, 21 degC, 13.72549019607843 percent, 37 kilopascal, 0.0 kph, 9 degC, 99 kilopascal, 36.86274509803921 percent, -153.5 pascal, -0.28, -1.04, 8.48, -0.00, -0.02, -0.00
2023-03-20 16:58:25, 38.04 percent, 633.0 revolutions_per_minute, 84 degC, 21 degC, 13.333333333333334 percent, 38 kilopascal, 0.0 kph, 9 degC, 99 kilopascal, 49.01960784313726 percent, -137.25 pascal, 0.34, -0.59, 8.64, -0.01, -0.01, -0.00
2023-03-20 16:58:27, 38.43 percent, 588.0 revolutions_per_minute, 83 degC, 21 degC, 12.549019607843137 percent, 37 kilopascal, 0.0 kph, 9 degC, 99 kilopascal, 45.490196078431374 percent, -40.75 pascal, 0.83, -0.47, 9.00, -0.01, -0.02, -0.02
2023-03-20 16:58:28, 33.73 percent, 587.0 revolutions_per_minute, 83 degC, 21 degC, 12.156862745098039 percent, 32 kilopascal, 0.0 kph, 9 degC, 99 kilopascal, 49.01960784313726 percent, -88.5 pascal, 0.68, -0.70, 9.03, -0.01, -0.04, -0.01
2023-03-20 16:58:30, 35.29 percent, 621.0 revolutions_per_minute, 84 degC, 21 degC, 12.549019607843137 percent, 34 kilopascal, 0.0 kph, 9 degC, 99 kilopascal, 47.84313725490196 percent, -7.25 pascal, 0.58, -0.61, 8.43, -0.00, -0.01, -0.02
2023-03-20 16:58:31, 32.16 percent, 630.0 revolutions_per_minute, 84 degC, 21 degC, 12.549019607843137 percent, 31 kilopascal, 0.0 kph, 9 degC, 99 kilopascal, 48.627450980392155 percent, 73.0 pascal, 0.54, -0.98, 8.77, -0.02, 0.00, -0.01
2023-03-20 16:58:32, 34.12 percent, 598.0 revolutions_per_minute, 84 degC, 21 degC, 12.549019607843137 percent, 33 kilopascal, 0.0 kph, 9 degC, 99 kilopascal, 45.490196078431374 percent, 73.0 pascal, 0.62, -0.59, 8.91, 0.00, -0.02, -0.02
2023-03-20 16:58:35, 32.16 percent, 601.0 revolutions_per_minute, 84 degC, 21 degC, 12.549019607843137 percent, 31 kilopascal, 0.0 kph, 9 degC, 99 kilopascal, 45.490196078431374 percent, -7.25 pascal, 0.04, -0.93, 8.48, -0.02, -0.01, -0.02
2023-03-20 16:58:36, 34.12 percent, 595.0 revolutions_per_minute, 84 degC, 21 degC, 12.549019607843137 percent, 33 kilopascal, 0.0 kph, 9 degC, 99 kilopascal, 46.27450980392157 percent, 73.0 pascal, 0.41, -0.66, 8.84, 0.01, -0.01, -0.01
2023-03-20 16:58:37, 34.12 percent, 596.0 revolutions_per_minute, 84 degC, 21 degC, 12.549019607843137 percent, 33 kilopascal, 0.0 kph, 9 degC, 99 kilopascal, 46.27450980392157 percent, -7.25 pascal, 0.52, -0.49, 8.20, -0.03, -0.01, -0.01
